name,email,date_of_birth,mobile_no,first_name,last_name,above_18,membership_id
Aaron Wilson,Aaron_Wilson@burke-benton.net,19870517,75053391,Aaron,Wilson,True,Wilson_6845c
Samuel Lee,Samuel_Lee@gardner-rodriguez.net,19740902,57636831,Samuel,Lee,True,Lee_d3d5c
Jennifer Weaver,Jennifer_Weaver@patterson.com,19781015,74152151,Jennifer,Weaver,True,Weaver_feb81
Leonard Hamilton,Leonard_Hamilton@brown.com,19880229,76082775,Leonard,Hamilton,True,Hamilton_f2276
Kathy Phillips,Kathy_Phillips@floyd.com,19841216,57829247,Kathy,Phillips,True,Phillips_608c9
Jennifer Jimenez,Jennifer_Jimenez@morgan.com,19921121,59592559,Jennifer,Jimenez,True,Jimenez_5ed59
Victoria Lawson,Victoria_Lawson@snyder.com,19540412,24045823,Victoria,Lawson,True,Lawson_6d37f
Michael Martinez,Michael_Martinez@hogan.net,19521107,40271975,Michael,Martinez,True,Martinez_bc0fc
Paul Jones,Paul_Jones@clark-irwin.com,19940215,91301999,Paul,Jones,True,Jones_f903f
Danielle Tran,Danielle_Tran@mann.com,19880826,85246679,Danielle,Tran,True,Tran_40aaa
Jeff Freeman,Jeff_Freeman@guzman.com,20030520,13590655,Jeff,Freeman,True,Freeman_35a3d
Marissa Jones,Marissa_Jones@lewis.net,19580806,32094119,Marissa,Jones,True,Jones_cdd9f
Elijah Roy,Elijah_Roy@jones-baldwin.com,19870705,57159015,Elijah,Roy,True,Roy_57ef7
Courtney Simpson,Courtney_Simpson@preston-cantrell.com,19731103,77314887,Courtney,Simpson,True,Simpson_7383f
Kimberly Hopkins,Kimberly_Hopkins@adams.com,19931022,67364511,Kimberly,Hopkins,True,Hopkins_56d12
William King,William_King@cline-allen.com,19841115,21561215,William,King,True,King_4ae33
Stephanie Robertson,Stephanie_Robertson@owen-rodriguez.com,20020508,75259367,Stephanie,Robertson,True,Robertson_e101e
Rickey Hill,Rickey_Hill@parker-cohen.com,19640430,56465207,Rickey,Hill,True,Hill_bd6cc
Erika Stewart,Erika_Stewart@solis.com,19851226,83552695,Erika,Stewart,True,Stewart_40f40
Christina Johnson,Christina_Johnson@clark.com,20010622,30262983,Christina,Johnson,True,Johnson_5dcd5
Kelli Wells,Kelli_Wells@jones.com,19540308,27406215,Kelli,Wells,True,Wells_5c2c0
Nathan Archer,Nathan_Archer@gray.com,19560723,72954367,Nathan,Archer,True,Archer_c6232
Michael Kline,Michael_Kline@phelps-alvarez.com,19650623,20968343,Michael,Kline,True,Kline_6fe75
Joshua Rodriguez,Joshua_Rodriguez@thornton-benitez.com,19530317,27953967,Joshua,Rodriguez,True,Rodriguez_1eec6
James Rodriguez,James_Rodriguez@logan.com,19810717,50981423,James,Rodriguez,True,Rodriguez_a7ea3
Robert Ortega,Robert_Ortega@perez.com,19600316,57040695,Robert,Ortega,True,Ortega_7f647
Teresa Ruiz,Teresa_Ruiz@holmes.com,19510904,22432447,Teresa,Ruiz,True,Ruiz_e89df
Madison Mejia,Madison_Mejia@sims.com,19530323,73824679,Madison,Mejia,True,Mejia_10b0a
James Bailey,James_Bailey@flynn.net,19860710,26146743,James,Bailey,True,Bailey_6dd20
Mary Perry,Mary_Perry@williams.net,19730808,57879711,Mary,Perry,True,Perry_e8625
Crystal Jones,Crystal_Jones@webb.com,19620914,39588047,Crystal,Jones,True,Jones_85733
Aaron Brown,Aaron_Brown@yates.com,19860502,43815191,Aaron,Brown,True,Brown_9035e
Tanya Barajas,Tanya_Barajas@davis.com,19740430,92793871,Tanya,Barajas,True,Barajas_c09f8
Samantha Rasmussen,Samantha_Rasmussen@stokes-leon.com,19940621,26634223,Samantha,Rasmussen,True,Rasmussen_0fcc4
Vincent Martin,Vincent_Martin@wright-lee.com,19840124,55457087,Vincent,Martin,True,Martin_92713
Tony Crawford,Tony_Crawford@moore.com,19870818,15997263,Tony,Crawford,True,Crawford_a2a35
Randy Sullivan,Randy_Sullivan@perez.net,19611025,15665967,Randy,Sullivan,True,Sullivan_7d828
Kimberly Thompson,Kimberly_Thompson@brewer-walters.net,20001112,88531623,Kimberly,Thompson,True,Thompson_5e06b
Martin Compton,Martin_Compton@morgan.com,19840602,42037887,Martin,Compton,True,Compton_395a9
Tracy Brown,Tracy_Brown@joyce.com,19720823,26044711,Tracy,Brown,True,Brown_8baf8
Leslie Preston,Leslie_Preston@johns.com,19721005,71892959,Leslie,Preston,True,Preston_b78bc
Jay Parker,Jay_Parker@fowler.net,19930930,57583783,Jay,Parker,True,Parker_311d6
Lance Williams,Lance_Williams@williams.net,19730807,19310567,Lance,Williams,True,Williams_44d67
Kathleen Allen,Kathleen_Allen@cook.com,19860113,38829559,Kathleen,Allen,True,Allen_b02ca
Marie Lamb,Marie_Lamb@hampton.com,19790410,26841263,Marie,Lamb,True,Lamb_5dc6d
Nathan Flores,Nathan_Flores@gibbs.net,19790904,86883135,Nathan,Flores,True,Flores_b1169
Ashley Caldwell,Ashley_Caldwell@mason-bryant.com,19880903,13420663,Ashley,Caldwell,True,Caldwell_aa013
Renee Martin,Renee_Martin@crawford-walker.com,19810421,55803823,Renee,Martin,True,Martin_caab2
Keith Parker,Keith_Parker@moore.com,19640826,40120471,Keith,Parker,True,Parker_0793e
Melissa Levy,Melissa_Levy@arroyo.com,19500330,51842935,Melissa,Levy,True,Levy_bef91
Brandon Powell,Brandon_Powell@craig-gonzales.net,19760606,43375815,Brandon,Powell,True,Powell_fe4b6
Kimberly Stone,Kimberly_Stone@murphy-bryant.com,19940512,25323999,Kimberly,Stone,True,Stone_1d9aa
Adam Jones,Adam_Jones@ashley.com,19730316,55082935,Adam,Jones,True,Jones_575ba
Elizabeth Andersen,Elizabeth_Andersen@baker.com,19740123,69096535,Elizabeth,Andersen,True,Andersen_61066
Destiny Lutz,Destiny_Lutz@thompson-wright.com,19941204,87853607,Destiny,Lutz,True,Lutz_6aa1c
Brandy Allen,Brandy_Allen@hardy-griffin.com,19810113,92130799,Brandy,Allen,True,Allen_54dd1
Stephanie Decker,Stephanie_Decker@barrett.net,19770905,92626639,Stephanie,Decker,True,Decker_0c2ca
Michelle Keller,Michelle_Keller@johnson.com,19510706,56139711,Michelle,Keller,True,Keller_86f7a
Stacey Yates,Stacey_Yates@lewis.com,19920812,30115967,Stacey,Yates,True,Yates_d9866
Sue Lee,Sue_Lee@rojas.com,19860829,97367575,Sue,Lee,True,Lee_f9df7
Anna Long,Anna_Long@coleman.com,19740316,52566967,Anna,Long,True,Long_850ab
Annette Watson,Annette_Watson@brown-brennan.com,19580423,67851175,Annette,Watson,True,Watson_6dc0c
James Thomas,James_Thomas@torres.net,19520509,58718239,James,Thomas,True,Thomas_6cc50
Kelli Olson,Kelli_Olson@campbell.net,19960723,50265023,Kelli,Olson,True,Olson_50aa7
Becky Reid,Becky_Reid@vargas.net,19751027,37025287,Becky,Reid,True,Reid_1bdd4
Wesley Shaw,Wesley_Shaw@henderson-gibson.com,19830121,76819471,Wesley,Shaw,True,Shaw_afe1c
Pamela Boyd,Pamela_Boyd@freeman.com,19680628,25030751,Pamela,Boyd,True,Boyd_94bd7
Jeremy Lewis,Jeremy_Lewis@murray.com,19530107,44159519,Jeremy,Lewis,True,Lewis_644d9
Jennifer Garza,Jennifer_Garza@herrera-klein.com,19890603,31999455,Jennifer,Garza,True,Garza_be6d1
Joseph Perry,Joseph_Perry@tucker.com,19510616,16254071,Joseph,Perry,True,Perry_b530f
Heather Herman,Heather_Herman@williams-lindsey.com,19710606,97877423,Heather,Herman,True,Herman_0ab62
Laura Lopez,Laura_Lopez@rodriguez.com,19901221,72627367,Laura,Lopez,True,Lopez_ea347
Reginald Barnes,Reginald_Barnes@walker-robinson.com,19730214,19884399,Reginald,Barnes,True,Barnes_f462c
Robert Weaver,Robert_Weaver@young-leonard.com,19820218,39131199,Robert,Weaver,True,Weaver_201e1
Beth Martinez,Beth_Martinez@johnson.com,19681225,87909191,Beth,Martinez,True,Martinez_204f4
Spencer Ware,Spencer_Ware@montgomery-lane.com,19801009,74599951,Spencer,Ware,True,Ware_0b5e6
Willie Erickson,Willie_Erickson@bartlett.com,19910110,53673855,Willie,Erickson,True,Erickson_3df9d
Daniel Nguyen,Daniel_Nguyen@mccall.com,19590903,37673823,Daniel,Nguyen,True,Nguyen_6a5e7
Leonard Martinez,Leonard_Martinez@mcbride.com,19560922,14452319,Leonard,Martinez,True,Martinez_7564a
Robert Stephens,Robert_Stephens@lopez.com,20000619,92784815,Robert,Stephens,True,Stephens_5a6e3
Daniel Chen,Daniel_Chen@little.com,19520716,46750383,Daniel,Chen,True,Chen_7d3b1
Samuel Dalton,Samuel_Dalton@marquez.com,19960916,75194711,Samuel,Dalton,True,Dalton_32ce4
Heather Bennett,Heather_Bennett@hamilton-blair.com,20020105,64795847,Heather,Bennett,True,Bennett_dcbc8
Joshua King,Joshua_King@hale.net,20000601,99342223,Joshua,King,True,King_f3369
Crystal Blake,Crystal_Blake@parker.com,19701117,97878511,Crystal,Blake,True,Blake_e7660
Amanda Evans,Amanda_Evans@cox.com,19590224,92559519,Amanda,Evans,True,Evans_62a52
Sergio Day,Sergio_Day@guzman-garrett.com,19510531,27091295,Sergio,Day,True,Day_69b70
Julie Boyd,Julie_Boyd@white-george.com,19690906,47949079,Julie,Boyd,True,Boyd_9e514
Logan Watkins,Logan_Watkins@hernandez.com,20000511,87081215,Logan,Watkins,True,Watkins_c9964
Steven Ortiz,Steven_Ortiz@hamilton.com,19670506,15073183,Steven,Ortiz,True,Ortiz_8f14e
Lisa Marquez,Lisa_Marquez@day-smith.com,19710326,18443671,Lisa,Marquez,True,Marquez_7aa36
Jennifer Martin,Jennifer_Martin@moore.com,19830527,83212175,Jennifer,Martin,True,Martin_82381
Arthur Chandler,Arthur_Chandler@martin.com,19610210,18438007,Arthur,Chandler,True,Chandler_4ab75
Ronald Hudson,Ronald_Hudson@carson.com,19510310,66192423,Ronald,Hudson,True,Hudson_31f1d
Jennifer Lee,Jennifer_Lee@guerra-lopez.com,19500401,35305031,Jennifer,Lee,True,Lee_f2321
Gregory Yoder,Gregory_Yoder@robinson-johnson.com,19530620,75705319,Gregory,Yoder,True,Yoder_70108
Carolyn Harmon,Carolyn_Harmon@watts-horn.com,19980124,55977599,Carolyn,Harmon,True,Harmon_69598
Christopher Harrell,Christopher_Harrell@lindsey.com,19700630,52999479,Christopher,Harrell,True,Harrell_7257b
Kevin Johnson,Kevin_Johnson@rogers.com,19930802,15154639,Kevin,Johnson,True,Johnson_a67f3
Michael Harrison,Michael_Harrison@franklin.com,19510819,29087871,Michael,Harrison,True,Harrison_087c8
Terry Moore,Terry_Moore@barker-ayers.com,19870615,19828167,Terry,Moore,True,Moore_c62aa
James Rogers,James_Rogers@green.net,19930704,65821255,James,Rogers,True,Rogers_656af
Kathleen Tran,Kathleen_Tran@wilson.net,19740211,20044927,Kathleen,Tran,True,Tran_b0eca
Jacqueline Conway,Jacqueline_Conway@robinson-carson.com,19710617,91842383,Jacqueline,Conway,True,Conway_ae427
Maxwell Cole,Maxwell_Cole@larson.com,19510203,41796463,Maxwell,Cole,True,Cole_92aa4
Bethany Williamson,Bethany_Williamson@flores.com,19540310,40227935,Bethany,Williamson,True,Williamson_2b72a
Joseph Wright,Joseph_Wright@powell.net,19570521,40768583,Joseph,Wright,True,Wright_f1b73
Heidi Bolton,Heidi_Bolton@spencer.com,19560616,58079023,Heidi,Bolton,True,Bolton_06e0a
Daniel Lewis,Daniel_Lewis@robertson.com,19770205,48084439,Daniel,Lewis,True,Lewis_e0082
Dale Ramirez,Dale_Ramirez@patton.com,19550323,59875791,Dale,Ramirez,True,Ramirez_63293
Carol Sharp,Carol_Sharp@garcia-lamb.com,19751203,18014567,Carol,Sharp,True,Sharp_19bdd
Joseph Buck,Joseph_Buck@jacobs.com,19520311,34270063,Joseph,Buck,True,Buck_542b9
Lynn Anderson,Lynn_Anderson@williams-carter.com,19960113,75488911,Lynn,Anderson,True,Anderson_542fb
Sarah Harris,Sarah_Harris@thomas-sanchez.com,20010530,52442775,Sarah,Harris,True,Harris_526ca
Victor Owens,Victor_Owens@collins.com,19960815,53064383,Victor,Owens,True,Owens_620f1
Kimberly Koch,Kimberly_Koch@rodriguez.net,19870125,35893839,Kimberly,Koch,True,Koch_43971
Allison Obrien,Allison_Obrien@bailey-sanders.com,19620423,81154631,Allison,Obrien,True,Obrien_00e34
John Rogers,John_Rogers@oneill.com,19710509,21046575,John,Rogers,True,Rogers_83dc9
Janet Collins,Janet_Collins@farrell.com,19840721,89424095,Janet,Collins,True,Collins_120bd
Kristin Lawson,Kristin_Lawson@salinas.com,19761101,36661711,Kristin,Lawson,True,Lawson_a0aec
James Castaneda,James_Castaneda@miller-hart.com,19640126,64715807,James,Castaneda,True,Castaneda_7660a
Robert Ortiz,Robert_Ortiz@saunders-hunter.com,19761108,80296223,Robert,Ortiz,True,Ortiz_66abd
Connie Harper,Connie_Harper@lewis.com,19950627,21369119,Connie,Harper,True,Harper_709ac
Debbie Burns,Debbie_Burns@salinas.com,19830806,95570935,Debbie,Burns,True,Burns_f2b3a
Gabriel Preston,Gabriel_Preston@black.com,19961120,88336263,Gabriel,Preston,True,Preston_b6298
Brandon Orozco,Brandon_Orozco@greene.com,19870717,59988495,Brandon,Orozco,True,Orozco_02d2b
Kari Nguyen,Kari_Nguyen@farley.com,19991119,47980591,Kari,Nguyen,True,Nguyen_6f546
Brittany Hill,Brittany_Hill@rogers-hoffman.com,19870605,90817791,Brittany,Hill,True,Hill_2c87a
Carrie Martinez,Carrie_Martinez@hendrix.com,19740124,96107743,Carrie,Martinez,True,Martinez_a7c33
Linda White,Linda_White@moore.com,19751015,84876711,Linda,White,True,White_e9960
Jake Spencer,Jake_Spencer@murphy.com,20020509,53533879,Jake,Spencer,True,Spencer_c21d7
Joseph Chan,Joseph_Chan@hutchinson-gutierrez.com,19660922,19544079,Joseph,Chan,True,Chan_f9d1e
Kathleen Ali,Kathleen_Ali@horn-rogers.com,19960602,45338687,Kathleen,Ali,True,Ali_a2746
Danielle Stephens,Danielle_Stephens@miller.net,19610929,16838823,Danielle,Stephens,True,Stephens_baaae
Brianna Schaefer,Brianna_Schaefer@nelson-mcmahon.com,19760312,34700887,Brianna,Schaefer,True,Schaefer_ff120
Angela Morris,Angela_Morris@murray.com,19760207,89409391,Angela,Morris,True,Morris_d143a
Jessica Smith,Jessica_Smith@walsh-steele.com,19510531,97984639,Jessica,Smith,True,Smith_69b70
Brenda Long,Brenda_Long@carter.net,19510914,45992583,Brenda,Long,True,Long_f0fca
Megan Taylor,Megan_Taylor@montgomery.com,19931005,12610975,Megan,Taylor,True,Taylor_7a3e1
Kelly Morales,Kelly_Morales@sanchez.com,19800227,44799815,Kelly,Morales,True,Morales_3cabc
Sheri Johnson,Sheri_Johnson@lucas.com,19880422,34118127,Sheri,Johnson,True,Johnson_5c594
Lori Pacheco,Lori_Pacheco@ayala.com,19620630,94662495,Lori,Pacheco,True,Pacheco_7ccf5
Sandra Schmidt,Sandra_Schmidt@herrera.com,19590711,50638143,Sandra,Schmidt,True,Schmidt_be25c
Rachel Hill,Rachel_Hill@gutierrez.com,19540212,55824367,Rachel,Hill,True,Hill_bc827
Emily Case,Emily_Case@lewis.com,19850508,90216215,Emily,Case,True,Case_1fe51
Seth Alvarez,Seth_Alvarez@conrad.com,19800801,90929927,Seth,Alvarez,True,Alvarez_f00bd
Jose Reyes,Jose_Reyes@garcia.com,19700929,94563263,Jose,Reyes,True,Reyes_0a636
Zachary Le,Zachary_Le@whitaker.com,19851028,56441999,Zachary,Le,True,Le_44e84
Rhonda Anthony,Rhonda_Anthony@lawson.com,19740915,12850551,Rhonda,Anthony,True,Anthony_91ec3
Joseph Hill,Joseph_Hill@rodriguez-newton.com,20020923,89902687,Joseph,Hill,True,Hill_0d4d9
Erin Davis,Erin_Davis@sanchez.net,19600917,22992863,Erin,Davis,True,Davis_dbcb2
Lucas Brown,Lucas_Brown@miller.com,19891101,34675679,Lucas,Brown,True,Brown_1ebf8
William Garcia,William_Garcia@powell.com,19850912,25729991,William,Garcia,True,Garcia_72e9b
Lauren Swanson,Lauren_Swanson@pena-pierce.com,19610921,85204407,Lauren,Swanson,True,Swanson_b3ea5
John Frank,John_Frank@martin.com,19500519,42691023,John,Frank,True,Frank_4dfb9
Nicole Schmidt,Nicole_Schmidt@stephens.com,19651109,86157423,Nicole,Schmidt,True,Schmidt_54bf2
Nathan Gray,Nathan_Gray@scott-gonzalez.com,19960618,48983767,Nathan,Gray,True,Gray_15cd6
Nichole Delgado,Nichole_Delgado@dixon-cruz.com,19720305,60338223,Nichole,Delgado,True,Delgado_f68ba
Marcus Rodriguez,Marcus_Rodriguez@jones.com,19690511,23424599,Marcus,Rodriguez,True,Rodriguez_3a35b
Samuel Solomon,Samuel_Solomon@wolf.net,19871230,26166751,Samuel,Solomon,True,Solomon_23bae
Katrina Miller,Katrina_Miller@grimes.com,19540308,81240247,Katrina,Miller,True,Miller_5c2c0
Raymond Conner,Raymond_Conner@oneal-johnson.com,19970128,95736583,Raymond,Conner,True,Conner_71970
Lori Fuller,Lori_Fuller@gordon.com,19680101,54288255,Lori,Fuller,True,Fuller_9068b
Corey Wilson,Corey_Wilson@hoover-hernandez.com,19531011,39467535,Corey,Wilson,True,Wilson_da57e
Holly James,Holly_James@macdonald.com,19641104,62732175,Holly,James,True,James_e7a3a
Alicia Mccarty,Alicia_Mccarty@beasley.com,19820916,57669519,Alicia,Mccarty,True,Mccarty_a4b9d
Zoe Christian,Zoe_Christian@grant.com,19990319,22170983,Zoe,Christian,True,Christian_90eb3
Nicholas Watson,Nicholas_Watson@williams.com,19620403,72181751,Nicholas,Watson,True,Watson_61db6
Victoria Wood,Victoria_Wood@proctor-baker.com,19910622,13955959,Victoria,Wood,True,Wood_67f27
Jillian Knight,Jillian_Knight@davenport.com,19881108,20417711,Jillian,Knight,True,Knight_10192
Ryan Fisher,Ryan_Fisher@fletcher.com,19871030,63505855,Ryan,Fisher,True,Fisher_27703
Stephanie Howe,Stephanie_Howe@allen.com,19630509,37283343,Stephanie,Howe,True,Howe_80a05
Kenneth Kim,Kenneth_Kim@duran.com,19990505,37818767,Kenneth,Kim,True,Kim_c0e4a
Andrew Macias,Andrew_Macias@douglas.com,19661013,28232535,Andrew,Macias,True,Macias_a4116
Elizabeth Huffman,Elizabeth_Huffman@zamora.com,19580918,15486151,Elizabeth,Huffman,True,Huffman_fb25a
Christina Stone,Christina_Stone@medina.com,19930320,34449775,Christina,Stone,True,Stone_9ab9f
Alexander Merritt,Alexander_Merritt@butler.net,19800913,33574735,Alexander,Merritt,True,Merritt_696fd
Kelly Sanders,Kelly_Sanders@coleman.com,19520413,29703695,Kelly,Sanders,True,Sanders_e9c2f
Matthew Jones,Matthew_Jones@arnold.com,20000615,98616991,Matthew,Jones,True,Jones_fae51
Sarah David,Sarah_David@collier.net,19981216,97218247,Sarah,David,True,David_39e9f
Carmen Barajas,Carmen_Barajas@smith.com,19810526,34685455,Carmen,Barajas,True,Barajas_62836
Angela Johnson,Angela_Johnson@stewart.com,19840827,62439103,Angela,Johnson,True,Johnson_5dcba
Melissa Sparks,Melissa_Sparks@sanchez-stevenson.com,19930802,27530863,Melissa,Sparks,True,Sparks_a67f3
Katherine Hill,Katherine_Hill@tran.com,19830918,37709951,Katherine,Hill,True,Hill_e971e
Kristin Hart,Kristin_Hart@ortega.com,19661217,36255543,Kristin,Hart,True,Hart_3b264
Jacqueline Ho,Jacqueline_Ho@henry.com,19610131,75359367,Jacqueline,Ho,True,Ho_73551
Michael Knight,Michael_Knight@davidson.com,19870804,71412263,Michael,Knight,True,Knight_d46f2
Heather Arroyo,Heather_Arroyo@martinez.com,19790709,36165719,Heather,Arroyo,True,Arroyo_44022
Lori Larson,Lori_Larson@flowers.com,19630807,38397103,Lori,Larson,True,Larson_06714
David Vazquez,David_Vazquez@davila-beck.com,19901206,57160871,David,Vazquez,True,Vazquez_73e4f
Sherry Hicks,Sherry_Hicks@stout-nicholson.com,19611127,12514111,Sherry,Hicks,True,Hicks_5e5f2
Sarah Davila,Sarah_Davila@nash.com,19790906,46685303,Sarah,Davila,True,Davila_1977b
Karen Oneill,Karen_Oneill@gomez.com,19921004,72265879,Karen,Oneill,True,Oneill_7278c
Nicholas Mills,Nicholas_Mills@williams.com,19631001,68844231,Nicholas,Mills,True,Mills_f511a
Jennifer Montgomery,Jennifer_Montgomery@estrada-cole.com,19710715,53834071,Jennifer,Montgomery,True,Montgomery_1a334
Cynthia Bailey,Cynthia_Bailey@oneill.com,19790825,48942719,Cynthia,Bailey,True,Bailey_13beb
John Wright,John_Wright@harris.com,19831019,96650335,John,Wright,True,Wright_fefcf
Sheila Brown,Sheila_Brown@stevens-edwards.com,19821128,32490999,Sheila,Brown,True,Brown_565a7
Lisa Moore,Lisa_Moore@ramos.com,19941119,99493567,Lisa,Moore,True,Moore_a6529
Julian Newman,Julian_Newman@haynes.com,19580313,49873159,Julian,Newman,True,Newman_15a27
Thomas Ferguson,Thomas_Ferguson@guzman.com,19591213,28787319,Thomas,Ferguson,True,Ferguson_fb458
Lauren Rodriguez,Lauren_Rodriguez@soto.com,19931016,27106623,Lauren,Rodriguez,True,Rodriguez_a9b99
Richard Anderson,Richard_Anderson@white.com,19580706,66751511,Richard,Anderson,True,Anderson_76323
Jessica Lee,Jessica_Lee@brown-baxter.com,19670124,89410823,Jessica,Lee,True,Lee_7f12f
Martin Allen,Martin_Allen@steele.com,20020924,99969439,Martin,Allen,True,Allen_7a4f2
Angela Mitchell,Angela_Mitchell@moreno-evans.com,19690105,50190223,Angela,Mitchell,True,Mitchell_06d3f
Derrick Sanchez,Derrick_Sanchez@mitchell.com,19700424,97980535,Derrick,Sanchez,True,Sanchez_9f266
Christine Ellis,Christine_Ellis@blackwell.com,19980617,69393823,Christine,Ellis,True,Ellis_b9ff0
Alyssa Salinas,Alyssa_Salinas@robbins.com,19981007,41363847,Alyssa,Salinas,True,Salinas_4cb46
Kevin Walsh,Kevin_Walsh@hamilton.net,19920805,63251375,Kevin,Walsh,True,Walsh_8cd29
Kenneth Knox,Kenneth_Knox@zamora.com,19990626,47904991,Kenneth,Knox,True,Knox_d64ed
Steve Mitchell,Steve_Mitchell@adkins-russell.com,19751027,98789479,Steve,Mitchell,True,Mitchell_1bdd4
Craig Hendricks,Craig_Hendricks@garcia-higgins.com,19951018,51721063,Craig,Hendricks,True,Hendricks_a352c
Ricky Kerr,Ricky_Kerr@gonzalez-martinez.com,19510625,43238807,Ricky,Kerr,True,Kerr_a02d8
Gloria Aguilar,Gloria_Aguilar@dorsey-donaldson.com,19690606,69773231,Gloria,Aguilar,True,Aguilar_d3661
Alexander Knight,Alexander_Knight@doyle.com,19740812,41639975,Alexander,Knight,True,Knight_7e064
Joseph Cross,Joseph_Cross@mason-shaw.net,19530126,35750023,Joseph,Cross,True,Cross_36c08
Joel Myers PhD,Joel_Myers@smith-willis.net,19720920,49665991,Joel,Myers PhD,True,Myers PhD_1466d
Michael Mckee,Michael_Mckee@gordon.com,20000917,87409327,Michael,Mckee,True,Mckee_92c0e
Roy Park,Roy_Park@rodriguez-west.com,19551029,69451423,Roy,Park,True,Park_a639e
Jonathan Castro,Jonathan_Castro@sandoval.com,19700409,95059239,Jonathan,Castro,True,Castro_49d90
Richard Carroll,Richard_Carroll@massey-gardner.com,19610526,61422551,Richard,Carroll,True,Carroll_78391
Michelle Fletcher,Michelle_Fletcher@anderson.com,19831024,15665159,Michelle,Fletcher,True,Fletcher_e6fff
Carol Murphy,Carol_Murphy@lowe.com,19640317,54241135,Carol,Murphy,True,Murphy_ecd95
Michael Russell,Michael_Russell@orozco.com,19680308,24280095,Michael,Russell,True,Russell_203e4
Shawna Andrews,Shawna_Andrews@freeman.com,19981115,12022295,Shawna,Andrews,True,Andrews_776f9
Dana Hernandez,Dana_Hernandez@jackson.com,19940126,50236391,Dana,Hernandez,True,Hernandez_3d7b1
Lauren Harris,Lauren_Harris@long.com,19780811,42605007,Lauren,Harris,True,Harris_e20bd
Sean Morales,Sean_Morales@molina.com,20030920,50605207,Sean,Morales,True,Morales_867f3
John Mendoza,John_Mendoza@mahoney.com,19850519,85845135,John,Mendoza,True,Mendoza_fa60d
Sierra Mcdaniel,Sierra_Mcdaniel@mata.com,20030713,77274903,Sierra,Mcdaniel,True,Mcdaniel_4de3f
Wendy Smith,Wendy_Smith@smith-webb.com,19700128,60349279,Wendy,Smith,True,Smith_85c0b
Leslie Diaz,Leslie_Diaz@thomas-shelton.com,19570430,57506727,Leslie,Diaz,True,Diaz_0bd1d
Grant Snyder,Grant_Snyder@gonzales.com,19731031,23872143,Grant,Snyder,True,Snyder_d3f05
Brandi Jenkins,Brandi_Jenkins@miller.com,19651228,79308567,Brandi,Jenkins,True,Jenkins_27fe6
Amy Haynes,Amy_Haynes@levy.com,19600314,41563455,Amy,Haynes,True,Haynes_18bc2
John Roberts,John_Roberts@hendricks.com,19540315,16513279,John,Roberts,True,Roberts_d606a
Carrie Nelson,Carrie_Nelson@archer-murphy.com,19510609,49242255,Carrie,Nelson,True,Nelson_fde1d
Jacob Hood,Jacob_Hood@evans.com,19560208,24204143,Jacob,Hood,True,Hood_bb6b9
Tracy Charles,Tracy_Charles@rowe.com,19931108,62200511,Tracy,Charles,True,Charles_02485
Brandon Johnson,Brandon_Johnson@ramirez.com,19850310,60862935,Brandon,Johnson,True,Johnson_56e3d
Wendy Nelson,Wendy_Nelson@day.com,19650108,59119063,Wendy,Nelson,True,Nelson_f7fc3
Jasmine Ramsey,Jasmine_Ramsey@jackson.com,19500407,16447279,Jasmine,Ramsey,True,Ramsey_843ef
William Beltran,William_Beltran@bean.com,19850313,16495975,William,Beltran,True,Beltran_b42ac
Gerald Stuart,Gerald_Stuart@strong.net,19951008,98421991,Gerald,Stuart,True,Stuart_08df4
Jacob Vaughan,Jacob_Vaughan@martinez.com,19830908,69615007,Jacob,Vaughan,True,Vaughan_40056
Matthew Fuentes,Matthew_Fuentes@miranda.com,19660329,33411447,Matthew,Fuentes,True,Fuentes_0598c
April Carpenter,April_Carpenter@page.com,19710929,97274415,April,Carpenter,True,Carpenter_4acee
Rachel Garcia,Rachel_Garcia@neal.com,19961021,87786127,Rachel,Garcia,True,Garcia_d383b
Patrick Madden,Patrick_Madden@sanders.com,19941101,35389647,Patrick,Madden,True,Madden_d8100
Angela Myers,Angela_Myers@rodriguez.com,19740126,59457063,Angela,Myers,True,Myers_96365
Wayne Baker,Wayne_Baker@brown.com,19671227,92067207,Wayne,Baker,True,Baker_726e6
Haley Cox,Haley_Cox@lewis.com,19641001,27911351,Haley,Cox,True,Cox_c2d50
Dan Sanders,Dan_Sanders@klein-hernandez.com,19500813,30043759,Dan,Sanders,True,Sanders_65a5d
Thomas Fisher,Thomas_Fisher@phillips.com,19850415,99090999,Thomas,Fisher,True,Fisher_cd40a
Taylor Lopez,Taylor_Lopez@jones-salazar.com,19570522,17889439,Taylor,Lopez,True,Lopez_d2a7d
Jeffrey Macias,Jeffrey_Macias@cox.com,19901003,98485783,Jeffrey,Macias,True,Macias_b438f
Brian Drake,Brian_Drake@hurst-price.net,19620211,83466007,Brian,Drake,True,Drake_a32f0
Timothy Jordan,Timothy_Jordan@young.com,19991228,77411263,Timothy,Jordan,True,Jordan_26d57
Kathy Leblanc,Kathy_Leblanc@warren-gray.com,19810227,69067343,Kathy,Leblanc,True,Leblanc_25e89
William Floyd,William_Floyd@duran.com,19720713,27758191,William,Floyd,True,Floyd_ee7c0
Angela Hayden,Angela_Hayden@barry.net,19960623,28574351,Angela,Hayden,True,Hayden_44dbe
Renee Hodges,Renee_Hodges@hamilton.com,19871228,63899519,Renee,Hodges,True,Hodges_c3205
Samantha Miller,Samantha_Miller@mcmahon.com,19650406,41451647,Samantha,Miller,True,Miller_b1a7b
Lauren Orozco,Lauren_Orozco@sanchez.com,20000126,71540231,Lauren,Orozco,True,Orozco_32e5d
April Owen,April_Owen@sanchez.com,19670923,16552967,April,Owen,True,Owen_1c1c8
Evan Russell,Evan_Russell@ferguson.net,19590120,75209343,Evan,Russell,True,Russell_eeae9
Brent Castaneda,Brent_Castaneda@garcia.com,19580307,80875871,Brent,Castaneda,True,Castaneda_1e9a5
Gregory Peters,Gregory_Peters@ray.net,19900902,78256247,Gregory,Peters,True,Peters_62c2d
Matthew Salazar,Matthew_Salazar@jones-jones.com,19991211,50895327,Matthew,Salazar,True,Salazar_8a391
Natasha Martinez,Natasha_Martinez@west.com,19680418,55194439,Natasha,Martinez,True,Martinez_fa7cb
Charles Powell,Charles_Powell@knight.com,19970906,47215879,Charles,Powell,True,Powell_89e26
Brian Powell,Brian_Powell@hernandez.com,19591115,67153775,Brian,Powell,True,Powell_c3379
Laura Sandoval,Laura_Sandoval@brown.com,19860913,17475623,Laura,Sandoval,True,Sandoval_6592d
Charles Gonzalez,Charles_Gonzalez@navarro.com,19710404,94465511,Charles,Gonzalez,True,Gonzalez_bc4a4
Nicholas Caldwell,Nicholas_Caldwell@hurley-bass.com,19770714,42525999,Nicholas,Caldwell,True,Caldwell_92d76
Brian Wyatt,Brian_Wyatt@wright-young.com,19581211,63631399,Brian,Wyatt,True,Wyatt_ac546
Ryan Garcia,Ryan_Garcia@vazquez-wells.com,19930815,26856535,Ryan,Garcia,True,Garcia_a540e
Megan Anderson,Megan_Anderson@wilson-murillo.com,19700729,21736903,Megan,Anderson,True,Anderson_a86c0
Pamela Hughes,Pamela_Hughes@charles-costa.com,19870613,40181295,Pamela,Hughes,True,Hughes_5403f
Tiffany Scott,Tiffany_Scott@davis.com,19861110,76272207,Tiffany,Scott,True,Scott_af31d
Stanley Conway,Stanley_Conway@adams.com,19850905,71853567,Stanley,Conway,True,Conway_b17c3
Yolanda Petty,Yolanda_Petty@dunlap-brown.com,19910125,69674519,Yolanda,Petty,True,Petty_89b4f
Tara Jones,Tara_Jones@blankenship.net,19850303,49275455,Tara,Jones,True,Jones_7290c
George Williams,George_Williams@patton.com,19810319,69991287,George,Williams,True,Williams_c20d3
Lori Allen,Lori_Allen@valdez-phillips.com,20020916,28175727,Lori,Allen,True,Allen_8c000
Charles Kelly,Charles_Kelly@dalton.com,19690401,62777351,Charles,Kelly,True,Kelly_0c61d
Jonathan Villa,Jonathan_Villa@suarez.com,19751203,80471287,Jonathan,Villa,True,Villa_19bdd
Cindy Jackson,Cindy_Jackson@garcia-burch.com,19670727,60954247,Cindy,Jackson,True,Jackson_40b1b
Scott Williams,Scott_Williams@keller-wong.com,19800803,85799255,Scott,Williams,True,Williams_09feb
Dylan Hernandez,Dylan_Hernandez@singleton-johnson.com,19950301,31405951,Dylan,Hernandez,True,Hernandez_04544
Michelle Garcia,Michelle_Garcia@lynch.com,19801017,52895823,Michelle,Garcia,True,Garcia_6967c
Matthew Bailey,Matthew_Bailey@benjamin.com,19870728,39436023,Matthew,Bailey,True,Bailey_255ab
Curtis Flynn,Curtis_Flynn@cook-drake.com,19780926,58787463,Curtis,Flynn,True,Flynn_066c3
Thomas Perez,Thomas_Perez@greene-lopez.com,19630220,96377439,Thomas,Perez,True,Perez_7a5c3
Sheri Kline,Sheri_Kline@hinton.com,19940609,33546343,Sheri,Kline,True,Kline_e724e
Jeff Baker,Jeff_Baker@bentley.com,19670424,57871767,Jeff,Baker,True,Baker_4cd37
Shannon Thomas,Shannon_Thomas@dawson-alexander.com,19680903,18892279,Shannon,Thomas,True,Thomas_2a3b9
Jeffrey Murray,Jeffrey_Murray@jones.net,19821221,27473887,Jeffrey,Murray,True,Murray_8d3f7
Kristin Wagner,Kristin_Wagner@clayton.com,19970129,66045343,Kristin,Wagner,True,Wagner_83f4e
Nicole Shea,Nicole_Shea@mcclure.com,19560102,28795599,Nicole,Shea,True,Shea_abeb3
